City,Category,Year,Degree,Closeness,Betweenness,Eigenvector,SourceFile,Score_Equal,Score_Corr,Score_Category
Bahawalpur,Clothing_Misc,2023,1.0,1.0,0.0,0.2425356250363329,Clothing_Misc_2023_centrality_tau0.7.csv,0.5606339062590833,,0.08409508593886249
Bannu,Clothing_Misc,2023,1.0,1.0,0.0,0.2425356250363329,Clothing_Misc_2023_centrality_tau0.7.csv,0.5606339062590833,,0.08409508593886249
Faisalabad,Clothing_Misc,2023,1.0,1.0,0.0,0.2425356250363329,Clothing_Misc_2023_centrality_tau0.7.csv,0.5606339062590833,,0.08409508593886249
Gujranwala,Clothing_Misc,2023,1.0,1.0,0.0,0.2425356250363329,Clothing_Misc_2023_centrality_tau0.7.csv,0.5606339062590833,,0.08409508593886249
Hyderabad,Clothing_Misc,2023,1.0,1.0,0.0,0.2425356250363329,Clothing_Misc_2023_centrality_tau0.7.csv,0.5606339062590833,,0.08409508593886249
Islamabad,Clothing_Misc,2023,1.0,1.0,0.0,0.2425356250363329,Clothing_Misc_2023_centrality_tau0.7.csv,0.5606339062590833,,0.08409508593886249
Karachi,Clothing_Misc,2023,1.0,1.0,0.0,0.2425356250363329,Clothing_Misc_2023_centrality_tau0.7.csv,0.5606339062590833,,0.08409508593886249
Khuzdar,Clothing_Misc,2023,1.0,1.0,0.0,0.2425356250363329,Clothing_Misc_2023_centrality_tau0.7.csv,0.5606339062590833,,0.08409508593886249
Lahore,Clothing_Misc,2023,1.0,1.0,0.0,0.2425356250363329,Clothing_Misc_2023_centrality_tau0.7.csv,0.5606339062590833,,0.08409508593886249
Larkana,Clothing_Misc,2023,1.0,1.0,0.0,0.2425356250363329,Clothing_Misc_2023_centrality_tau0.7.csv,0.5606339062590833,,0.08409508593886249
Multan,Clothing_Misc,2023,1.0,1.0,0.0,0.2425356250363329,Clothing_Misc_2023_centrality_tau0.7.csv,0.5606339062590833,,0.08409508593886249
Peshawar,Clothing_Misc,2023,1.0,1.0,0.0,0.2425356250363329,Clothing_Misc_2023_centrality_tau0.7.csv,0.5606339062590833,,0.08409508593886249
Quetta,Clothing_Misc,2023,1.0,1.0,0.0,0.2425356250363329,Clothing_Misc_2023_centrality_tau0.7.csv,0.5606339062590833,,0.08409508593886249
Rawalpindi,Clothing_Misc,2023,1.0,1.0,0.0,0.2425356250363329,Clothing_Misc_2023_centrality_tau0.7.csv,0.5606339062590833,,0.08409508593886249
Sargodha,Clothing_Misc,2023,1.0,1.0,0.0,0.2425356250363329,Clothing_Misc_2023_centrality_tau0.7.csv,0.5606339062590833,,0.08409508593886249
Sialkot,Clothing_Misc,2023,1.0,1.0,0.0,0.2425356250363329,Clothing_Misc_2023_centrality_tau0.7.csv,0.5606339062590833,,0.08409508593886249
Sukkur,Clothing_Misc,2023,1.0,1.0,0.0,0.2425356250363329,Clothing_Misc_2023_centrality_tau0.7.csv,0.5606339062590833,,0.08409508593886249
Bahawalpur,Clothing_Misc,2024,1.0,1.0,0.0,0.2425356250363329,Clothing_Misc_2024_centrality_tau0.7.csv,0.5606339062590833,,0.08409508593886249
Bannu,Clothing_Misc,2024,1.0,1.0,0.0,0.2425356250363329,Clothing_Misc_2024_centrality_tau0.7.csv,0.5606339062590833,,0.08409508593886249
Faisalabad,Clothing_Misc,2024,1.0,1.0,0.0,0.2425356250363329,Clothing_Misc_2024_centrality_tau0.7.csv,0.5606339062590833,,0.08409508593886249
Gujranwala,Clothing_Misc,2024,1.0,1.0,0.0,0.2425356250363329,Clothing_Misc_2024_centrality_tau0.7.csv,0.5606339062590833,,0.08409508593886249
Hyderabad,Clothing_Misc,2024,1.0,1.0,0.0,0.2425356250363329,Clothing_Misc_2024_centrality_tau0.7.csv,0.5606339062590833,,0.08409508593886249
Islamabad,Clothing_Misc,2024,1.0,1.0,0.0,0.2425356250363329,Clothing_Misc_2024_centrality_tau0.7.csv,0.5606339062590833,,0.08409508593886249
Karachi,Clothing_Misc,2024,1.0,1.0,0.0,0.2425356250363329,Clothing_Misc_2024_centrality_tau0.7.csv,0.5606339062590833,,0.08409508593886249
Khuzdar,Clothing_Misc,2024,1.0,1.0,0.0,0.2425356250363329,Clothing_Misc_2024_centrality_tau0.7.csv,0.5606339062590833,,0.08409508593886249
Lahore,Clothing_Misc,2024,1.0,1.0,0.0,0.2425356250363329,Clothing_Misc_2024_centrality_tau0.7.csv,0.5606339062590833,,0.08409508593886249
Larkana,Clothing_Misc,2024,1.0,1.0,0.0,0.2425356250363329,Clothing_Misc_2024_centrality_tau0.7.csv,0.5606339062590833,,0.08409508593886249
Multan,Clothing_Misc,2024,1.0,1.0,0.0,0.2425356250363329,Clothing_Misc_2024_centrality_tau0.7.csv,0.5606339062590833,,0.08409508593886249
Peshawar,Clothing_Misc,2024,1.0,1.0,0.0,0.2425356250363329,Clothing_Misc_2024_centrality_tau0.7.csv,0.5606339062590833,,0.08409508593886249
Quetta,Clothing_Misc,2024,1.0,1.0,0.0,0.2425356250363329,Clothing_Misc_2024_centrality_tau0.7.csv,0.5606339062590833,,0.08409508593886249
Rawalpindi,Clothing_Misc,2024,1.0,1.0,0.0,0.2425356250363329,Clothing_Misc_2024_centrality_tau0.7.csv,0.5606339062590833,,0.08409508593886249
Sargodha,Clothing_Misc,2024,1.0,1.0,0.0,0.2425356250363329,Clothing_Misc_2024_centrality_tau0.7.csv,0.5606339062590833,,0.08409508593886249
Sialkot,Clothing_Misc,2024,1.0,1.0,0.0,0.2425356250363329,Clothing_Misc_2024_centrality_tau0.7.csv,0.5606339062590833,,0.08409508593886249
Sukkur,Clothing_Misc,2024,1.0,1.0,0.0,0.2425356250363329,Clothing_Misc_2024_centrality_tau0.7.csv,0.5606339062590833,,0.08409508593886249
Bahawalpur,Food_Staples_Grains,2023,1.0,1.0,0.0,0.2425356250363329,Food_Staples_Grains_2023_centrality_tau0.7.csv,0.5606339062590833,,0.08409508593886249
Bannu,Food_Staples_Grains,2023,1.0,1.0,0.0,0.2425356250363329,Food_Staples_Grains_2023_centrality_tau0.7.csv,0.5606339062590833,,0.08409508593886249
Faisalabad,Food_Staples_Grains,2023,1.0,1.0,0.0,0.2425356250363329,Food_Staples_Grains_2023_centrality_tau0.7.csv,0.5606339062590833,,0.08409508593886249
Gujranwala,Food_Staples_Grains,2023,1.0,1.0,0.0,0.2425356250363329,Food_Staples_Grains_2023_centrality_tau0.7.csv,0.5606339062590833,,0.08409508593886249
Hyderabad,Food_Staples_Grains,2023,1.0,1.0,0.0,0.2425356250363329,Food_Staples_Grains_2023_centrality_tau0.7.csv,0.5606339062590833,,0.08409508593886249
Islamabad,Food_Staples_Grains,2023,1.0,1.0,0.0,0.2425356250363329,Food_Staples_Grains_2023_centrality_tau0.7.csv,0.5606339062590833,,0.08409508593886249
Karachi,Food_Staples_Grains,2023,1.0,1.0,0.0,0.2425356250363329,Food_Staples_Grains_2023_centrality_tau0.7.csv,0.5606339062590833,,0.08409508593886249
Khuzdar,Food_Staples_Grains,2023,1.0,1.0,0.0,0.2425356250363329,Food_Staples_Grains_2023_centrality_tau0.7.csv,0.5606339062590833,,0.08409508593886249
Lahore,Food_Staples_Grains,2023,1.0,1.0,0.0,0.2425356250363329,Food_Staples_Grains_2023_centrality_tau0.7.csv,0.5606339062590833,,0.08409508593886249
Larkana,Food_Staples_Grains,2023,1.0,1.0,0.0,0.2425356250363329,Food_Staples_Grains_2023_centrality_tau0.7.csv,0.5606339062590833,,0.08409508593886249
Multan,Food_Staples_Grains,2023,1.0,1.0,0.0,0.2425356250363329,Food_Staples_Grains_2023_centrality_tau0.7.csv,0.5606339062590833,,0.08409508593886249
Peshawar,Food_Staples_Grains,2023,1.0,1.0,0.0,0.2425356250363329,Food_Staples_Grains_2023_centrality_tau0.7.csv,0.5606339062590833,,0.08409508593886249
Quetta,Food_Staples_Grains,2023,1.0,1.0,0.0,0.2425356250363329,Food_Staples_Grains_2023_centrality_tau0.7.csv,0.5606339062590833,,0.08409508593886249
Rawalpindi,Food_Staples_Grains,2023,1.0,1.0,0.0,0.2425356250363329,Food_Staples_Grains_2023_centrality_tau0.7.csv,0.5606339062590833,,0.08409508593886249
Sargodha,Food_Staples_Grains,2023,1.0,1.0,0.0,0.2425356250363329,Food_Staples_Grains_2023_centrality_tau0.7.csv,0.5606339062590833,,0.08409508593886249
Sialkot,Food_Staples_Grains,2023,1.0,1.0,0.0,0.2425356250363329,Food_Staples_Grains_2023_centrality_tau0.7.csv,0.5606339062590833,,0.08409508593886249
Sukkur,Food_Staples_Grains,2023,1.0,1.0,0.0,0.2425356250363329,Food_Staples_Grains_2023_centrality_tau0.7.csv,0.5606339062590833,,0.08409508593886249
Bahawalpur,Food_Staples_Grains,2024,1.0,1.0,0.0,0.2425356250363329,Food_Staples_Grains_2024_centrality_tau0.7.csv,0.5606339062590833,,0.08409508593886249
Bannu,Food_Staples_Grains,2024,1.0,1.0,0.0,0.2425356250363329,Food_Staples_Grains_2024_centrality_tau0.7.csv,0.5606339062590833,,0.08409508593886249
Faisalabad,Food_Staples_Grains,2024,1.0,1.0,0.0,0.2425356250363329,Food_Staples_Grains_2024_centrality_tau0.7.csv,0.5606339062590833,,0.08409508593886249
Gujranwala,Food_Staples_Grains,2024,1.0,1.0,0.0,0.2425356250363329,Food_Staples_Grains_2024_centrality_tau0.7.csv,0.5606339062590833,,0.08409508593886249
Hyderabad,Food_Staples_Grains,2024,1.0,1.0,0.0,0.2425356250363329,Food_Staples_Grains_2024_centrality_tau0.7.csv,0.5606339062590833,,0.08409508593886249
Islamabad,Food_Staples_Grains,2024,1.0,1.0,0.0,0.2425356250363329,Food_Staples_Grains_2024_centrality_tau0.7.csv,0.5606339062590833,,0.08409508593886249
Karachi,Food_Staples_Grains,2024,1.0,1.0,0.0,0.2425356250363329,Food_Staples_Grains_2024_centrality_tau0.7.csv,0.5606339062590833,,0.08409508593886249
Khuzdar,Food_Staples_Grains,2024,1.0,1.0,0.0,0.2425356250363329,Food_Staples_Grains_2024_centrality_tau0.7.csv,0.5606339062590833,,0.08409508593886249
Lahore,Food_Staples_Grains,2024,1.0,1.0,0.0,0.2425356250363329,Food_Staples_Grains_2024_centrality_tau0.7.csv,0.5606339062590833,,0.08409508593886249
Larkana,Food_Staples_Grains,2024,1.0,1.0,0.0,0.2425356250363329,Food_Staples_Grains_2024_centrality_tau0.7.csv,0.5606339062590833,,0.08409508593886249
Multan,Food_Staples_Grains,2024,1.0,1.0,0.0,0.2425356250363329,Food_Staples_Grains_2024_centrality_tau0.7.csv,0.5606339062590833,,0.08409508593886249
Peshawar,Food_Staples_Grains,2024,1.0,1.0,0.0,0.2425356250363329,Food_Staples_Grains_2024_centrality_tau0.7.csv,0.5606339062590833,,0.08409508593886249
Quetta,Food_Staples_Grains,2024,1.0,1.0,0.0,0.2425356250363329,Food_Staples_Grains_2024_centrality_tau0.7.csv,0.5606339062590833,,0.08409508593886249
Rawalpindi,Food_Staples_Grains,2024,1.0,1.0,0.0,0.2425356250363329,Food_Staples_Grains_2024_centrality_tau0.7.csv,0.5606339062590833,,0.08409508593886249
Sargodha,Food_Staples_Grains,2024,1.0,1.0,0.0,0.2425356250363329,Food_Staples_Grains_2024_centrality_tau0.7.csv,0.5606339062590833,,0.08409508593886249
Sialkot,Food_Staples_Grains,2024,1.0,1.0,0.0,0.2425356250363329,Food_Staples_Grains_2024_centrality_tau0.7.csv,0.5606339062590833,,0.08409508593886249
Sukkur,Food_Staples_Grains,2024,1.0,1.0,0.0,0.2425356250363329,Food_Staples_Grains_2024_centrality_tau0.7.csv,0.5606339062590833,,0.08409508593886249
Bahawalpur,Fruits_Vegetables,2023,1.0,1.0,0.0,0.2425356250363329,Fruits_Vegetables_2023_centrality_tau0.7.csv,0.5606339062590833,,0.08409508593886249
Bannu,Fruits_Vegetables,2023,1.0,1.0,0.0,0.2425356250363329,Fruits_Vegetables_2023_centrality_tau0.7.csv,0.5606339062590833,,0.08409508593886249
Faisalabad,Fruits_Vegetables,2023,1.0,1.0,0.0,0.2425356250363329,Fruits_Vegetables_2023_centrality_tau0.7.csv,0.5606339062590833,,0.08409508593886249
Gujranwala,Fruits_Vegetables,2023,1.0,1.0,0.0,0.2425356250363329,Fruits_Vegetables_2023_centrality_tau0.7.csv,0.5606339062590833,,0.08409508593886249
Hyderabad,Fruits_Vegetables,2023,1.0,1.0,0.0,0.2425356250363329,Fruits_Vegetables_2023_centrality_tau0.7.csv,0.5606339062590833,,0.08409508593886249
Islamabad,Fruits_Vegetables,2023,1.0,1.0,0.0,0.2425356250363329,Fruits_Vegetables_2023_centrality_tau0.7.csv,0.5606339062590833,,0.08409508593886249
Karachi,Fruits_Vegetables,2023,1.0,1.0,0.0,0.2425356250363329,Fruits_Vegetables_2023_centrality_tau0.7.csv,0.5606339062590833,,0.08409508593886249
Khuzdar,Fruits_Vegetables,2023,1.0,1.0,0.0,0.2425356250363329,Fruits_Vegetables_2023_centrality_tau0.7.csv,0.5606339062590833,,0.08409508593886249
Lahore,Fruits_Vegetables,2023,1.0,1.0,0.0,0.2425356250363329,Fruits_Vegetables_2023_centrality_tau0.7.csv,0.5606339062590833,,0.08409508593886249
Larkana,Fruits_Vegetables,2023,1.0,1.0,0.0,0.2425356250363329,Fruits_Vegetables_2023_centrality_tau0.7.csv,0.5606339062590833,,0.08409508593886249
Multan,Fruits_Vegetables,2023,1.0,1.0,0.0,0.2425356250363329,Fruits_Vegetables_2023_centrality_tau0.7.csv,0.5606339062590833,,0.08409508593886249
Peshawar,Fruits_Vegetables,2023,1.0,1.0,0.0,0.2425356250363329,Fruits_Vegetables_2023_centrality_tau0.7.csv,0.5606339062590833,,0.08409508593886249
Quetta,Fruits_Vegetables,2023,1.0,1.0,0.0,0.2425356250363329,Fruits_Vegetables_2023_centrality_tau0.7.csv,0.5606339062590833,,0.08409508593886249
Rawalpindi,Fruits_Vegetables,2023,1.0,1.0,0.0,0.2425356250363329,Fruits_Vegetables_2023_centrality_tau0.7.csv,0.5606339062590833,,0.08409508593886249
Sargodha,Fruits_Vegetables,2023,1.0,1.0,0.0,0.2425356250363329,Fruits_Vegetables_2023_centrality_tau0.7.csv,0.5606339062590833,,0.08409508593886249
Sialkot,Fruits_Vegetables,2023,1.0,1.0,0.0,0.2425356250363329,Fruits_Vegetables_2023_centrality_tau0.7.csv,0.5606339062590833,,0.08409508593886249
Sukkur,Fruits_Vegetables,2023,1.0,1.0,0.0,0.2425356250363329,Fruits_Vegetables_2023_centrality_tau0.7.csv,0.5606339062590833,,0.08409508593886249
Bahawalpur,Fruits_Vegetables,2024,1.0,1.0,0.0,0.2425356250363329,Fruits_Vegetables_2024_centrality_tau0.7.csv,0.5606339062590833,,0.08409508593886249
Bannu,Fruits_Vegetables,2024,1.0,1.0,0.0,0.2425356250363329,Fruits_Vegetables_2024_centrality_tau0.7.csv,0.5606339062590833,,0.08409508593886249
Faisalabad,Fruits_Vegetables,2024,1.0,1.0,0.0,0.2425356250363329,Fruits_Vegetables_2024_centrality_tau0.7.csv,0.5606339062590833,,0.08409508593886249
Gujranwala,Fruits_Vegetables,2024,1.0,1.0,0.0,0.2425356250363329,Fruits_Vegetables_2024_centrality_tau0.7.csv,0.5606339062590833,,0.08409508593886249
Hyderabad,Fruits_Vegetables,2024,1.0,1.0,0.0,0.2425356250363329,Fruits_Vegetables_2024_centrality_tau0.7.csv,0.5606339062590833,,0.08409508593886249
Islamabad,Fruits_Vegetables,2024,1.0,1.0,0.0,0.2425356250363329,Fruits_Vegetables_2024_centrality_tau0.7.csv,0.5606339062590833,,0.08409508593886249
Karachi,Fruits_Vegetables,2024,1.0,1.0,0.0,0.2425356250363329,Fruits_Vegetables_2024_centrality_tau0.7.csv,0.5606339062590833,,0.08409508593886249
Khuzdar,Fruits_Vegetables,2024,1.0,1.0,0.0,0.2425356250363329,Fruits_Vegetables_2024_centrality_tau0.7.csv,0.5606339062590833,,0.08409508593886249
Lahore,Fruits_Vegetables,2024,1.0,1.0,0.0,0.2425356250363329,Fruits_Vegetables_2024_centrality_tau0.7.csv,0.5606339062590833,,0.08409508593886249
Larkana,Fruits_Vegetables,2024,1.0,1.0,0.0,0.2425356250363329,Fruits_Vegetables_2024_centrality_tau0.7.csv,0.5606339062590833,,0.08409508593886249
Multan,Fruits_Vegetables,2024,1.0,1.0,0.0,0.2425356250363329,Fruits_Vegetables_2024_centrality_tau0.7.csv,0.5606339062590833,,0.08409508593886249
Peshawar,Fruits_Vegetables,2024,1.0,1.0,0.0,0.2425356250363329,Fruits_Vegetables_2024_centrality_tau0.7.csv,0.5606339062590833,,0.08409508593886249
Quetta,Fruits_Vegetables,2024,1.0,1.0,0.0,0.2425356250363329,Fruits_Vegetables_2024_centrality_tau0.7.csv,0.5606339062590833,,0.08409508593886249
Rawalpindi,Fruits_Vegetables,2024,1.0,1.0,0.0,0.2425356250363329,Fruits_Vegetables_2024_centrality_tau0.7.csv,0.5606339062590833,,0.08409508593886249
Sargodha,Fruits_Vegetables,2024,1.0,1.0,0.0,0.2425356250363329,Fruits_Vegetables_2024_centrality_tau0.7.csv,0.5606339062590833,,0.08409508593886249
Sialkot,Fruits_Vegetables,2024,1.0,1.0,0.0,0.2425356250363329,Fruits_Vegetables_2024_centrality_tau0.7.csv,0.5606339062590833,,0.08409508593886249
Sukkur,Fruits_Vegetables,2024,1.0,1.0,0.0,0.2425356250363329,Fruits_Vegetables_2024_centrality_tau0.7.csv,0.5606339062590833,,0.08409508593886249
Bahawalpur,Meat_Poultry_Dairy,2023,1.0,1.0,0.0,0.2425356250363329,Meat_Poultry_Dairy_2023_centrality_tau0.7.csv,0.5606339062590833,,0.08409508593886249
Bannu,Meat_Poultry_Dairy,2023,1.0,1.0,0.0,0.2425356250363329,Meat_Poultry_Dairy_2023_centrality_tau0.7.csv,0.5606339062590833,,0.08409508593886249
Faisalabad,Meat_Poultry_Dairy,2023,1.0,1.0,0.0,0.2425356250363329,Meat_Poultry_Dairy_2023_centrality_tau0.7.csv,0.5606339062590833,,0.08409508593886249
Gujranwala,Meat_Poultry_Dairy,2023,1.0,1.0,0.0,0.2425356250363329,Meat_Poultry_Dairy_2023_centrality_tau0.7.csv,0.5606339062590833,,0.08409508593886249
Hyderabad,Meat_Poultry_Dairy,2023,1.0,1.0,0.0,0.2425356250363329,Meat_Poultry_Dairy_2023_centrality_tau0.7.csv,0.5606339062590833,,0.08409508593886249
Islamabad,Meat_Poultry_Dairy,2023,1.0,1.0,0.0,0.2425356250363329,Meat_Poultry_Dairy_2023_centrality_tau0.7.csv,0.5606339062590833,,0.08409508593886249
Karachi,Meat_Poultry_Dairy,2023,1.0,1.0,0.0,0.2425356250363329,Meat_Poultry_Dairy_2023_centrality_tau0.7.csv,0.5606339062590833,,0.08409508593886249
Khuzdar,Meat_Poultry_Dairy,2023,1.0,1.0,0.0,0.2425356250363329,Meat_Poultry_Dairy_2023_centrality_tau0.7.csv,0.5606339062590833,,0.08409508593886249
Lahore,Meat_Poultry_Dairy,2023,1.0,1.0,0.0,0.2425356250363329,Meat_Poultry_Dairy_2023_centrality_tau0.7.csv,0.5606339062590833,,0.08409508593886249
Larkana,Meat_Poultry_Dairy,2023,1.0,1.0,0.0,0.2425356250363329,Meat_Poultry_Dairy_2023_centrality_tau0.7.csv,0.5606339062590833,,0.08409508593886249
Multan,Meat_Poultry_Dairy,2023,1.0,1.0,0.0,0.2425356250363329,Meat_Poultry_Dairy_2023_centrality_tau0.7.csv,0.5606339062590833,,0.08409508593886249
Peshawar,Meat_Poultry_Dairy,2023,1.0,1.0,0.0,0.2425356250363329,Meat_Poultry_Dairy_2023_centrality_tau0.7.csv,0.5606339062590833,,0.08409508593886249
Quetta,Meat_Poultry_Dairy,2023,1.0,1.0,0.0,0.2425356250363329,Meat_Poultry_Dairy_2023_centrality_tau0.7.csv,0.5606339062590833,,0.08409508593886249
Rawalpindi,Meat_Poultry_Dairy,2023,1.0,1.0,0.0,0.2425356250363329,Meat_Poultry_Dairy_2023_centrality_tau0.7.csv,0.5606339062590833,,0.08409508593886249
Sargodha,Meat_Poultry_Dairy,2023,1.0,1.0,0.0,0.2425356250363329,Meat_Poultry_Dairy_2023_centrality_tau0.7.csv,0.5606339062590833,,0.08409508593886249
Sialkot,Meat_Poultry_Dairy,2023,1.0,1.0,0.0,0.2425356250363329,Meat_Poultry_Dairy_2023_centrality_tau0.7.csv,0.5606339062590833,,0.08409508593886249
Sukkur,Meat_Poultry_Dairy,2023,1.0,1.0,0.0,0.2425356250363329,Meat_Poultry_Dairy_2023_centrality_tau0.7.csv,0.5606339062590833,,0.08409508593886249
Bahawalpur,Meat_Poultry_Dairy,2024,1.0,1.0,0.0,0.2425356250363329,Meat_Poultry_Dairy_2024_centrality_tau0.7.csv,0.5606339062590833,,0.08409508593886249
Bannu,Meat_Poultry_Dairy,2024,1.0,1.0,0.0,0.2425356250363329,Meat_Poultry_Dairy_2024_centrality_tau0.7.csv,0.5606339062590833,,0.08409508593886249
Faisalabad,Meat_Poultry_Dairy,2024,1.0,1.0,0.0,0.2425356250363329,Meat_Poultry_Dairy_2024_centrality_tau0.7.csv,0.5606339062590833,,0.08409508593886249
Gujranwala,Meat_Poultry_Dairy,2024,1.0,1.0,0.0,0.2425356250363329,Meat_Poultry_Dairy_2024_centrality_tau0.7.csv,0.5606339062590833,,0.08409508593886249
Hyderabad,Meat_Poultry_Dairy,2024,1.0,1.0,0.0,0.2425356250363329,Meat_Poultry_Dairy_2024_centrality_tau0.7.csv,0.5606339062590833,,0.08409508593886249
Islamabad,Meat_Poultry_Dairy,2024,1.0,1.0,0.0,0.2425356250363329,Meat_Poultry_Dairy_2024_centrality_tau0.7.csv,0.5606339062590833,,0.08409508593886249
Karachi,Meat_Poultry_Dairy,2024,1.0,1.0,0.0,0.2425356250363329,Meat_Poultry_Dairy_2024_centrality_tau0.7.csv,0.5606339062590833,,0.08409508593886249
Khuzdar,Meat_Poultry_Dairy,2024,1.0,1.0,0.0,0.2425356250363329,Meat_Poultry_Dairy_2024_centrality_tau0.7.csv,0.5606339062590833,,0.08409508593886249
Lahore,Meat_Poultry_Dairy,2024,1.0,1.0,0.0,0.2425356250363329,Meat_Poultry_Dairy_2024_centrality_tau0.7.csv,0.5606339062590833,,0.08409508593886249
Larkana,Meat_Poultry_Dairy,2024,1.0,1.0,0.0,0.2425356250363329,Meat_Poultry_Dairy_2024_centrality_tau0.7.csv,0.5606339062590833,,0.08409508593886249
Multan,Meat_Poultry_Dairy,2024,1.0,1.0,0.0,0.2425356250363329,Meat_Poultry_Dairy_2024_centrality_tau0.7.csv,0.5606339062590833,,0.08409508593886249
Peshawar,Meat_Poultry_Dairy,2024,1.0,1.0,0.0,0.2425356250363329,Meat_Poultry_Dairy_2024_centrality_tau0.7.csv,0.5606339062590833,,0.08409508593886249
Quetta,Meat_Poultry_Dairy,2024,1.0,1.0,0.0,0.2425356250363329,Meat_Poultry_Dairy_2024_centrality_tau0.7.csv,0.5606339062590833,,0.08409508593886249
Rawalpindi,Meat_Poultry_Dairy,2024,1.0,1.0,0.0,0.2425356250363329,Meat_Poultry_Dairy_2024_centrality_tau0.7.csv,0.5606339062590833,,0.08409508593886249
Sargodha,Meat_Poultry_Dairy,2024,1.0,1.0,0.0,0.2425356250363329,Meat_Poultry_Dairy_2024_centrality_tau0.7.csv,0.5606339062590833,,0.08409508593886249
Sialkot,Meat_Poultry_Dairy,2024,1.0,1.0,0.0,0.2425356250363329,Meat_Poultry_Dairy_2024_centrality_tau0.7.csv,0.5606339062590833,,0.08409508593886249
Sukkur,Meat_Poultry_Dairy,2024,1.0,1.0,0.0,0.2425356250363329,Meat_Poultry_Dairy_2024_centrality_tau0.7.csv,0.5606339062590833,,0.08409508593886249
Bahawalpur,Non_Food_Essentials,2023,1.0,1.0,0.0,0.2425356250363329,Non_Food_Essentials_2023_centrality_tau0.7.csv,0.5606339062590833,,0.08409508593886249
Bannu,Non_Food_Essentials,2023,1.0,1.0,0.0,0.2425356250363329,Non_Food_Essentials_2023_centrality_tau0.7.csv,0.5606339062590833,,0.08409508593886249
Faisalabad,Non_Food_Essentials,2023,1.0,1.0,0.0,0.2425356250363329,Non_Food_Essentials_2023_centrality_tau0.7.csv,0.5606339062590833,,0.08409508593886249
Gujranwala,Non_Food_Essentials,2023,1.0,1.0,0.0,0.2425356250363329,Non_Food_Essentials_2023_centrality_tau0.7.csv,0.5606339062590833,,0.08409508593886249
Hyderabad,Non_Food_Essentials,2023,1.0,1.0,0.0,0.2425356250363329,Non_Food_Essentials_2023_centrality_tau0.7.csv,0.5606339062590833,,0.08409508593886249
Islamabad,Non_Food_Essentials,2023,1.0,1.0,0.0,0.2425356250363329,Non_Food_Essentials_2023_centrality_tau0.7.csv,0.5606339062590833,,0.08409508593886249
Karachi,Non_Food_Essentials,2023,1.0,1.0,0.0,0.2425356250363329,Non_Food_Essentials_2023_centrality_tau0.7.csv,0.5606339062590833,,0.08409508593886249
Khuzdar,Non_Food_Essentials,2023,1.0,1.0,0.0,0.2425356250363329,Non_Food_Essentials_2023_centrality_tau0.7.csv,0.5606339062590833,,0.08409508593886249
Lahore,Non_Food_Essentials,2023,1.0,1.0,0.0,0.2425356250363329,Non_Food_Essentials_2023_centrality_tau0.7.csv,0.5606339062590833,,0.08409508593886249
Larkana,Non_Food_Essentials,2023,1.0,1.0,0.0,0.2425356250363329,Non_Food_Essentials_2023_centrality_tau0.7.csv,0.5606339062590833,,0.08409508593886249
Multan,Non_Food_Essentials,2023,1.0,1.0,0.0,0.2425356250363329,Non_Food_Essentials_2023_centrality_tau0.7.csv,0.5606339062590833,,0.08409508593886249
Peshawar,Non_Food_Essentials,2023,1.0,1.0,0.0,0.2425356250363329,Non_Food_Essentials_2023_centrality_tau0.7.csv,0.5606339062590833,,0.08409508593886249
Quetta,Non_Food_Essentials,2023,1.0,1.0,0.0,0.2425356250363329,Non_Food_Essentials_2023_centrality_tau0.7.csv,0.5606339062590833,,0.08409508593886249
Rawalpindi,Non_Food_Essentials,2023,1.0,1.0,0.0,0.2425356250363329,Non_Food_Essentials_2023_centrality_tau0.7.csv,0.5606339062590833,,0.08409508593886249
Sargodha,Non_Food_Essentials,2023,1.0,1.0,0.0,0.2425356250363329,Non_Food_Essentials_2023_centrality_tau0.7.csv,0.5606339062590833,,0.08409508593886249
Sialkot,Non_Food_Essentials,2023,1.0,1.0,0.0,0.2425356250363329,Non_Food_Essentials_2023_centrality_tau0.7.csv,0.5606339062590833,,0.08409508593886249
Sukkur,Non_Food_Essentials,2023,1.0,1.0,0.0,0.2425356250363329,Non_Food_Essentials_2023_centrality_tau0.7.csv,0.5606339062590833,,0.08409508593886249
Bahawalpur,Non_Food_Essentials,2024,1.0,1.0,0.0,0.2425356250363329,Non_Food_Essentials_2024_centrality_tau0.7.csv,0.5606339062590833,,0.08409508593886249
Bannu,Non_Food_Essentials,2024,1.0,1.0,0.0,0.2425356250363329,Non_Food_Essentials_2024_centrality_tau0.7.csv,0.5606339062590833,,0.08409508593886249
Faisalabad,Non_Food_Essentials,2024,1.0,1.0,0.0,0.2425356250363329,Non_Food_Essentials_2024_centrality_tau0.7.csv,0.5606339062590833,,0.08409508593886249
Gujranwala,Non_Food_Essentials,2024,1.0,1.0,0.0,0.2425356250363329,Non_Food_Essentials_2024_centrality_tau0.7.csv,0.5606339062590833,,0.08409508593886249
Hyderabad,Non_Food_Essentials,2024,1.0,1.0,0.0,0.2425356250363329,Non_Food_Essentials_2024_centrality_tau0.7.csv,0.5606339062590833,,0.08409508593886249
Islamabad,Non_Food_Essentials,2024,1.0,1.0,0.0,0.2425356250363329,Non_Food_Essentials_2024_centrality_tau0.7.csv,0.5606339062590833,,0.08409508593886249
Karachi,Non_Food_Essentials,2024,1.0,1.0,0.0,0.2425356250363329,Non_Food_Essentials_2024_centrality_tau0.7.csv,0.5606339062590833,,0.08409508593886249
Khuzdar,Non_Food_Essentials,2024,1.0,1.0,0.0,0.2425356250363329,Non_Food_Essentials_2024_centrality_tau0.7.csv,0.5606339062590833,,0.08409508593886249
Lahore,Non_Food_Essentials,2024,1.0,1.0,0.0,0.2425356250363329,Non_Food_Essentials_2024_centrality_tau0.7.csv,0.5606339062590833,,0.08409508593886249
Larkana,Non_Food_Essentials,2024,1.0,1.0,0.0,0.2425356250363329,Non_Food_Essentials_2024_centrality_tau0.7.csv,0.5606339062590833,,0.08409508593886249
Multan,Non_Food_Essentials,2024,1.0,1.0,0.0,0.2425356250363329,Non_Food_Essentials_2024_centrality_tau0.7.csv,0.5606339062590833,,0.08409508593886249
Peshawar,Non_Food_Essentials,2024,1.0,1.0,0.0,0.2425356250363329,Non_Food_Essentials_2024_centrality_tau0.7.csv,0.5606339062590833,,0.08409508593886249
Quetta,Non_Food_Essentials,2024,1.0,1.0,0.0,0.2425356250363329,Non_Food_Essentials_2024_centrality_tau0.7.csv,0.5606339062590833,,0.08409508593886249
Rawalpindi,Non_Food_Essentials,2024,1.0,1.0,0.0,0.2425356250363329,Non_Food_Essentials_2024_centrality_tau0.7.csv,0.5606339062590833,,0.08409508593886249
Sargodha,Non_Food_Essentials,2024,1.0,1.0,0.0,0.2425356250363329,Non_Food_Essentials_2024_centrality_tau0.7.csv,0.5606339062590833,,0.08409508593886249
Sialkot,Non_Food_Essentials,2024,1.0,1.0,0.0,0.2425356250363329,Non_Food_Essentials_2024_centrality_tau0.7.csv,0.5606339062590833,,0.08409508593886249
Sukkur,Non_Food_Essentials,2024,1.0,1.0,0.0,0.2425356250363329,Non_Food_Essentials_2024_centrality_tau0.7.csv,0.5606339062590833,,0.08409508593886249
Bahawalpur,Oils_Sweeteners_Condiments,2023,1.0,1.0,0.0,0.2425356250363329,Oils_Sweeteners_Condiments_2023_centrality_tau0.7.csv,0.5606339062590833,,0.08409508593886249
Bannu,Oils_Sweeteners_Condiments,2023,1.0,1.0,0.0,0.2425356250363329,Oils_Sweeteners_Condiments_2023_centrality_tau0.7.csv,0.5606339062590833,,0.08409508593886249
Faisalabad,Oils_Sweeteners_Condiments,2023,1.0,1.0,0.0,0.2425356250363329,Oils_Sweeteners_Condiments_2023_centrality_tau0.7.csv,0.5606339062590833,,0.08409508593886249
Gujranwala,Oils_Sweeteners_Condiments,2023,1.0,1.0,0.0,0.2425356250363329,Oils_Sweeteners_Condiments_2023_centrality_tau0.7.csv,0.5606339062590833,,0.08409508593886249
Hyderabad,Oils_Sweeteners_Condiments,2023,1.0,1.0,0.0,0.2425356250363329,Oils_Sweeteners_Condiments_2023_centrality_tau0.7.csv,0.5606339062590833,,0.08409508593886249
Islamabad,Oils_Sweeteners_Condiments,2023,1.0,1.0,0.0,0.2425356250363329,Oils_Sweeteners_Condiments_2023_centrality_tau0.7.csv,0.5606339062590833,,0.08409508593886249
Karachi,Oils_Sweeteners_Condiments,2023,1.0,1.0,0.0,0.2425356250363329,Oils_Sweeteners_Condiments_2023_centrality_tau0.7.csv,0.5606339062590833,,0.08409508593886249
Khuzdar,Oils_Sweeteners_Condiments,2023,1.0,1.0,0.0,0.2425356250363329,Oils_Sweeteners_Condiments_2023_centrality_tau0.7.csv,0.5606339062590833,,0.08409508593886249
Lahore,Oils_Sweeteners_Condiments,2023,1.0,1.0,0.0,0.2425356250363329,Oils_Sweeteners_Condiments_2023_centrality_tau0.7.csv,0.5606339062590833,,0.08409508593886249
Larkana,Oils_Sweeteners_Condiments,2023,1.0,1.0,0.0,0.2425356250363329,Oils_Sweeteners_Condiments_2023_centrality_tau0.7.csv,0.5606339062590833,,0.08409508593886249
Multan,Oils_Sweeteners_Condiments,2023,1.0,1.0,0.0,0.2425356250363329,Oils_Sweeteners_Condiments_2023_centrality_tau0.7.csv,0.5606339062590833,,0.08409508593886249
Peshawar,Oils_Sweeteners_Condiments,2023,1.0,1.0,0.0,0.2425356250363329,Oils_Sweeteners_Condiments_2023_centrality_tau0.7.csv,0.5606339062590833,,0.08409508593886249
Quetta,Oils_Sweeteners_Condiments,2023,1.0,1.0,0.0,0.2425356250363329,Oils_Sweeteners_Condiments_2023_centrality_tau0.7.csv,0.5606339062590833,,0.08409508593886249
Rawalpindi,Oils_Sweeteners_Condiments,2023,1.0,1.0,0.0,0.2425356250363329,Oils_Sweeteners_Condiments_2023_centrality_tau0.7.csv,0.5606339062590833,,0.08409508593886249
Sargodha,Oils_Sweeteners_Condiments,2023,1.0,1.0,0.0,0.2425356250363329,Oils_Sweeteners_Condiments_2023_centrality_tau0.7.csv,0.5606339062590833,,0.08409508593886249
Sialkot,Oils_Sweeteners_Condiments,2023,1.0,1.0,0.0,0.2425356250363329,Oils_Sweeteners_Condiments_2023_centrality_tau0.7.csv,0.5606339062590833,,0.08409508593886249
Sukkur,Oils_Sweeteners_Condiments,2023,1.0,1.0,0.0,0.2425356250363329,Oils_Sweeteners_Condiments_2023_centrality_tau0.7.csv,0.5606339062590833,,0.08409508593886249
Bahawalpur,Oils_Sweeteners_Condiments,2024,1.0,1.0,0.0,0.2425356250363329,Oils_Sweeteners_Condiments_2024_centrality_tau0.7.csv,0.5606339062590833,,0.08409508593886249
Bannu,Oils_Sweeteners_Condiments,2024,1.0,1.0,0.0,0.2425356250363329,Oils_Sweeteners_Condiments_2024_centrality_tau0.7.csv,0.5606339062590833,,0.08409508593886249
Faisalabad,Oils_Sweeteners_Condiments,2024,1.0,1.0,0.0,0.2425356250363329,Oils_Sweeteners_Condiments_2024_centrality_tau0.7.csv,0.5606339062590833,,0.08409508593886249
Gujranwala,Oils_Sweeteners_Condiments,2024,1.0,1.0,0.0,0.2425356250363329,Oils_Sweeteners_Condiments_2024_centrality_tau0.7.csv,0.5606339062590833,,0.08409508593886249
Hyderabad,Oils_Sweeteners_Condiments,2024,1.0,1.0,0.0,0.2425356250363329,Oils_Sweeteners_Condiments_2024_centrality_tau0.7.csv,0.5606339062590833,,0.08409508593886249
Islamabad,Oils_Sweeteners_Condiments,2024,1.0,1.0,0.0,0.2425356250363329,Oils_Sweeteners_Condiments_2024_centrality_tau0.7.csv,0.5606339062590833,,0.08409508593886249
Karachi,Oils_Sweeteners_Condiments,2024,1.0,1.0,0.0,0.2425356250363329,Oils_Sweeteners_Condiments_2024_centrality_tau0.7.csv,0.5606339062590833,,0.08409508593886249
Khuzdar,Oils_Sweeteners_Condiments,2024,1.0,1.0,0.0,0.2425356250363329,Oils_Sweeteners_Condiments_2024_centrality_tau0.7.csv,0.5606339062590833,,0.08409508593886249
Lahore,Oils_Sweeteners_Condiments,2024,1.0,1.0,0.0,0.2425356250363329,Oils_Sweeteners_Condiments_2024_centrality_tau0.7.csv,0.5606339062590833,,0.08409508593886249
Larkana,Oils_Sweeteners_Condiments,2024,1.0,1.0,0.0,0.2425356250363329,Oils_Sweeteners_Condiments_2024_centrality_tau0.7.csv,0.5606339062590833,,0.08409508593886249
Multan,Oils_Sweeteners_Condiments,2024,1.0,1.0,0.0,0.2425356250363329,Oils_Sweeteners_Condiments_2024_centrality_tau0.7.csv,0.5606339062590833,,0.08409508593886249
Peshawar,Oils_Sweeteners_Condiments,2024,1.0,1.0,0.0,0.2425356250363329,Oils_Sweeteners_Condiments_2024_centrality_tau0.7.csv,0.5606339062590833,,0.08409508593886249
Quetta,Oils_Sweeteners_Condiments,2024,1.0,1.0,0.0,0.2425356250363329,Oils_Sweeteners_Condiments_2024_centrality_tau0.7.csv,0.5606339062590833,,0.08409508593886249
Rawalpindi,Oils_Sweeteners_Condiments,2024,1.0,1.0,0.0,0.2425356250363329,Oils_Sweeteners_Condiments_2024_centrality_tau0.7.csv,0.5606339062590833,,0.08409508593886249
Sargodha,Oils_Sweeteners_Condiments,2024,1.0,1.0,0.0,0.2425356250363329,Oils_Sweeteners_Condiments_2024_centrality_tau0.7.csv,0.5606339062590833,,0.08409508593886249
Sialkot,Oils_Sweeteners_Condiments,2024,1.0,1.0,0.0,0.2425356250363329,Oils_Sweeteners_Condiments_2024_centrality_tau0.7.csv,0.5606339062590833,,0.08409508593886249
Sukkur,Oils_Sweeteners_Condiments,2024,1.0,1.0,0.0,0.2425356250363329,Oils_Sweeteners_Condiments_2024_centrality_tau0.7.csv,0.5606339062590833,,0.08409508593886249
Bahawalpur,Utilities_Transport,2023,1.0,1.0,0.0,0.2425356250363329,Utilities_Transport_2023_centrality_tau0.7.csv,0.5606339062590833,,0.08409508593886249
Bannu,Utilities_Transport,2023,1.0,1.0,0.0,0.2425356250363329,Utilities_Transport_2023_centrality_tau0.7.csv,0.5606339062590833,,0.08409508593886249
Faisalabad,Utilities_Transport,2023,1.0,1.0,0.0,0.2425356250363329,Utilities_Transport_2023_centrality_tau0.7.csv,0.5606339062590833,,0.08409508593886249
Gujranwala,Utilities_Transport,2023,1.0,1.0,0.0,0.2425356250363329,Utilities_Transport_2023_centrality_tau0.7.csv,0.5606339062590833,,0.08409508593886249
Hyderabad,Utilities_Transport,2023,1.0,1.0,0.0,0.2425356250363329,Utilities_Transport_2023_centrality_tau0.7.csv,0.5606339062590833,,0.08409508593886249
Islamabad,Utilities_Transport,2023,1.0,1.0,0.0,0.2425356250363329,Utilities_Transport_2023_centrality_tau0.7.csv,0.5606339062590833,,0.08409508593886249
Karachi,Utilities_Transport,2023,1.0,1.0,0.0,0.2425356250363329,Utilities_Transport_2023_centrality_tau0.7.csv,0.5606339062590833,,0.08409508593886249
Khuzdar,Utilities_Transport,2023,1.0,1.0,0.0,0.2425356250363329,Utilities_Transport_2023_centrality_tau0.7.csv,0.5606339062590833,,0.08409508593886249
Lahore,Utilities_Transport,2023,1.0,1.0,0.0,0.2425356250363329,Utilities_Transport_2023_centrality_tau0.7.csv,0.5606339062590833,,0.08409508593886249
Larkana,Utilities_Transport,2023,1.0,1.0,0.0,0.2425356250363329,Utilities_Transport_2023_centrality_tau0.7.csv,0.5606339062590833,,0.08409508593886249
Multan,Utilities_Transport,2023,1.0,1.0,0.0,0.2425356250363329,Utilities_Transport_2023_centrality_tau0.7.csv,0.5606339062590833,,0.08409508593886249
Peshawar,Utilities_Transport,2023,1.0,1.0,0.0,0.2425356250363329,Utilities_Transport_2023_centrality_tau0.7.csv,0.5606339062590833,,0.08409508593886249
Quetta,Utilities_Transport,2023,1.0,1.0,0.0,0.2425356250363329,Utilities_Transport_2023_centrality_tau0.7.csv,0.5606339062590833,,0.08409508593886249
Rawalpindi,Utilities_Transport,2023,1.0,1.0,0.0,0.2425356250363329,Utilities_Transport_2023_centrality_tau0.7.csv,0.5606339062590833,,0.08409508593886249
Sargodha,Utilities_Transport,2023,1.0,1.0,0.0,0.2425356250363329,Utilities_Transport_2023_centrality_tau0.7.csv,0.5606339062590833,,0.08409508593886249
Sialkot,Utilities_Transport,2023,1.0,1.0,0.0,0.2425356250363329,Utilities_Transport_2023_centrality_tau0.7.csv,0.5606339062590833,,0.08409508593886249
Sukkur,Utilities_Transport,2023,1.0,1.0,0.0,0.2425356250363329,Utilities_Transport_2023_centrality_tau0.7.csv,0.5606339062590833,,0.08409508593886249
Bahawalpur,Utilities_Transport,2024,1.0,1.0,0.0,0.2425356250363329,Utilities_Transport_2024_centrality_tau0.7.csv,0.5606339062590833,,0.08409508593886249
Bannu,Utilities_Transport,2024,1.0,1.0,0.0,0.2425356250363329,Utilities_Transport_2024_centrality_tau0.7.csv,0.5606339062590833,,0.08409508593886249
Faisalabad,Utilities_Transport,2024,1.0,1.0,0.0,0.2425356250363329,Utilities_Transport_2024_centrality_tau0.7.csv,0.5606339062590833,,0.08409508593886249
Gujranwala,Utilities_Transport,2024,1.0,1.0,0.0,0.2425356250363329,Utilities_Transport_2024_centrality_tau0.7.csv,0.5606339062590833,,0.08409508593886249
Hyderabad,Utilities_Transport,2024,1.0,1.0,0.0,0.2425356250363329,Utilities_Transport_2024_centrality_tau0.7.csv,0.5606339062590833,,0.08409508593886249
Islamabad,Utilities_Transport,2024,1.0,1.0,0.0,0.2425356250363329,Utilities_Transport_2024_centrality_tau0.7.csv,0.5606339062590833,,0.08409508593886249
Karachi,Utilities_Transport,2024,1.0,1.0,0.0,0.2425356250363329,Utilities_Transport_2024_centrality_tau0.7.csv,0.5606339062590833,,0.08409508593886249
Khuzdar,Utilities_Transport,2024,1.0,1.0,0.0,0.2425356250363329,Utilities_Transport_2024_centrality_tau0.7.csv,0.5606339062590833,,0.08409508593886249
Lahore,Utilities_Transport,2024,1.0,1.0,0.0,0.2425356250363329,Utilities_Transport_2024_centrality_tau0.7.csv,0.5606339062590833,,0.08409508593886249
Larkana,Utilities_Transport,2024,1.0,1.0,0.0,0.2425356250363329,Utilities_Transport_2024_centrality_tau0.7.csv,0.5606339062590833,,0.08409508593886249
Multan,Utilities_Transport,2024,1.0,1.0,0.0,0.2425356250363329,Utilities_Transport_2024_centrality_tau0.7.csv,0.5606339062590833,,0.08409508593886249
Peshawar,Utilities_Transport,2024,1.0,1.0,0.0,0.2425356250363329,Utilities_Transport_2024_centrality_tau0.7.csv,0.5606339062590833,,0.08409508593886249
Quetta,Utilities_Transport,2024,1.0,1.0,0.0,0.2425356250363329,Utilities_Transport_2024_centrality_tau0.7.csv,0.5606339062590833,,0.08409508593886249
Rawalpindi,Utilities_Transport,2024,1.0,1.0,0.0,0.2425356250363329,Utilities_Transport_2024_centrality_tau0.7.csv,0.5606339062590833,,0.08409508593886249
Sargodha,Utilities_Transport,2024,1.0,1.0,0.0,0.2425356250363329,Utilities_Transport_2024_centrality_tau0.7.csv,0.5606339062590833,,0.08409508593886249
Sialkot,Utilities_Transport,2024,1.0,1.0,0.0,0.2425356250363329,Utilities_Transport_2024_centrality_tau0.7.csv,0.5606339062590833,,0.08409508593886249
Sukkur,Utilities_Transport,2024,1.0,1.0,0.0,0.2425356250363329,Utilities_Transport_2024_centrality_tau0.7.csv,0.5606339062590833,,0.08409508593886249
